1467,1471c1467,1468
<   TABLE_NAME            password            
< ============================================
<   'db_password'         NULL                
< 
< 1 rows selected.Committed.
---
> There are no results.
> 0 rows selected.Committed.
2219,2224c2216,2217
<   TABLE_NAME            password            
< ============================================
<   'db_password'         NULL                
<   'db_password'         NULL                
< 
< 2 rows selected.Committed.
---
> There are no results.
> 0 rows selected.Committed.
2972,2977c2965,2966
<   TABLE_NAME            password            
< ============================================
<   'db_password'         NULL                
<   'db_password'         NULL                
< 
< 2 rows selected.Committed.
---
> There are no results.
> 0 rows selected.Committed.
3725,3730c3714,3715
<   TABLE_NAME            password            
< ============================================
<   'db_password'         NULL                
<   'db_password'         '640AB2BAE07BEDC4C163F679A746F7AB7FB5D1FA'
< 
< 2 rows selected.Committed.
---
> There are no results.
> 0 rows selected.Committed.
4478,4483c4463,4464
<   TABLE_NAME            password            
< ============================================
<   'db_password'         NULL                
<   'db_password'         '640AB2BAE07BEDC4C163F679A746F7AB7FB5D1FA'
< 
< 2 rows selected.Committed.
---
> There are no results.
> 0 rows selected.Committed.
5229,5234c5210,5211
<   TABLE_NAME            password            
< ============================================
<   'db_password'         NULL                
<   'db_password'         '640AB2BAE07BEDC4C163F679A746F7AB7FB5D1FA'
< 
< 2 rows selected.Committed.
---
> There are no results.
> 0 rows selected.Committed.
5977,5982c5954,5955
<   TABLE_NAME            password            
< ============================================
<   'db_password'         NULL                
<   'db_password'         '640AB2BAE07BEDC4C163F679A746F7AB7FB5D1FA'
< 
< 2 rows selected.Committed.
---
> There are no results.
> 0 rows selected.Committed.
6728,6733c6701,6702
<   TABLE_NAME            password            
< ============================================
<   'db_password'         NULL                
<   'db_password'         '640AB2BAE07BEDC4C163F679A746F7AB7FB5D1FA'
< 
< 2 rows selected.Committed.
---
> There are no results.
> 0 rows selected.Committed.
7479,7484c7448,7449
<   TABLE_NAME            password            
< ============================================
<   'db_password'         NULL                
<   'db_password'         '640AB2BAE07BEDC4C163F679A746F7AB7FB5D1FA'
< 
< 2 rows selected.Committed.
---
> There are no results.
> 0 rows selected.Committed.
7592d7556
<   'db_index_key'        'pk_t_a'              't'                   'a'                             0  'ASC'                                -1  NULL                
7597c7561
< 23 rows selected.Committed.
---
> 22 rows selected.Committed.
7619d7582
<   'db_index'            'pk_t_a'              'YES'                 'NO'                  't'                             1  'YES'                 'NO'                  NULL                  'NO'                
7623c7586
< 19 rows selected.Committed.
---
> 18 rows selected.Committed.
7706d7668
<   'db_attribute'        'a'                   't'                   'INSTANCE'                      0  NULL                  NULL                  'STRING'               1073741823            0  'utf8'                'utf8_ko_cs_uca'      NULL                  NULL                  'NO'                
8002c7964
< 295 rows selected.Committed.
---
> 294 rows selected.Committed.
8082d8043
<   'db_class'            't'                   'ʰ�'                 'CLASS'               'NO'                  'NO'                  'NO'                  'iso88591_bin'      
8084c8045
< 45 rows selected.Committed.
---
> 44 rows selected.Committed.
8234,8239c8195,8196
<   TABLE_NAME            password            
< ============================================
<   'db_password'         NULL                
<   'db_password'         '640AB2BAE07BEDC4C163F679A746F7AB7FB5D1FA'
< 
< 2 rows selected.Committed.
---
> There are no results.
> 0 rows selected.Committed.
8283,8296c8240
< === <Result of SELECT Command in Line 2> ===
< 
<   TABLE_NAME               count(*)
< ===================================
<   't'                             2
< 
< 1 rows selected.Committed.
< 
< === <Result of SELECT Command in Line 2> ===
< 
<   TABLE_NAME            a                   
< ============================================
<   't'                   '가'               
<   't'                   '伽'               
---
> In line 1, column 1,
8298,8307c8242,8243
< 2 rows selected.Committed.
< 
< === <Result of SELECT Command in Line 2> ===
< 
<   TABLE_NAME            a                   
< ============================================
<   't'                   '伽'               
<   't'                   '가'               
< 
< 2 rows selected.Committed.
---
> ERROR: before ' ;select 't' TABLE_NAME, t.* from t order by 1,2 limit 1000;se...'
> Unknown class "t".
8387d8322
<   'db_index_key'        'pk_t_a'              't'                   'a'                             0  'ASC'                                -1  NULL                
8392c8327
< 23 rows selected.Committed.
---
> 22 rows selected.Committed.
8414d8348
<   'db_index'            'pk_t_a'              'YES'                 'NO'                  't'                             1  'YES'                 'NO'                  NULL                  'NO'                
8418c8352
< 19 rows selected.Committed.
---
> 18 rows selected.Committed.
8501d8434
<   'db_attribute'        'a'                   't'                   'INSTANCE'                      0  NULL                  NULL                  'STRING'               1073741823            0  'utf8'                'utf8_ko_cs_uca'      NULL                  NULL                  'NO'                
8797c8730
< 295 rows selected.Committed.
---
> 294 rows selected.Committed.
8877d8809
<   'db_class'            't'                   'ʰ�'                 'CLASS'               'NO'                  'NO'                  'NO'                  'iso88591_bin'      
8879c8811
< 45 rows selected.Committed.
---
> 44 rows selected.Committed.
9029,9034c8961,8962
<   TABLE_NAME            password            
< ============================================
<   'db_password'         NULL                
<   'db_password'         '640AB2BAE07BEDC4C163F679A746F7AB7FB5D1FA'
< 
< 2 rows selected.Committed.
---
> There are no results.
> 0 rows selected.Committed.
9144d9071
<   'db_index_key'        'pk_t_a'              't'                   'a'                             0  'ASC'                                -1  NULL                
9149c9076
< 23 rows selected.Committed.
---
> 22 rows selected.Committed.
9171d9097
<   'db_index'            'pk_t_a'              'YES'                 'NO'                  't'                             1  'YES'                 'NO'                  NULL                  'NO'                
9175c9101
< 19 rows selected.Committed.
---
> 18 rows selected.Committed.
9258d9183
<   'db_attribute'        'a'                   't'                   'INSTANCE'                      0  NULL                  NULL                  'STRING'               1073741823            0  'utf8'                'utf8_ko_cs_uca'      NULL                  NULL                  'NO'                
9554c9479
< 295 rows selected.Committed.
---
> 294 rows selected.Committed.
9634d9558
<   'db_class'            't'                   'ʰ�'                 'CLASS'               'NO'                  'NO'                  'NO'                  'iso88591_bin'      
9636c9560
< 45 rows selected.Committed.
---
> 44 rows selected.Committed.
9786,9790c9710,9711
<   TABLE_NAME            password            
< ============================================
<   'db_password'         '640AB2BAE07BEDC4C163F679A746F7AB7FB5D1FA'
< 
< 1 rows selected.Committed.
---
> There are no results.
> 0 rows selected.Committed.
10538,10542c10459,10460
<   TABLE_NAME            password            
< ============================================
<   'db_password'         '640AB2BAE07BEDC4C163F679A746F7AB7FB5D1FA'
< 
< 1 rows selected.Committed.
---
> There are no results.
> 0 rows selected.Committed.
