3876,3880c3876,3877
<   TABLE_NAME            password            
< ============================================
<   'db_password'         'AE7CFF994BC78723EA06A4A4D447A948863DA2EB'
< 
< 1 row selected.Committed.
---
> There are no results.
> 0 row selected.Committed.
4667,4672c4664,4665
<   TABLE_NAME            password            
< ============================================
<   'db_password'         'AE7CFF994BC78723EA06A4A4D447A948863DA2EB'
<   'db_password'         '5920E7460286D77D664AE7E5433018AEC52CA772'
< 
< 2 rows selected.Committed.
---
> There are no results.
> 0 row selected.Committed.
5459,5464c5452,5453
<   TABLE_NAME            password            
< ============================================
<   'db_password'         'AE7CFF994BC78723EA06A4A4D447A948863DA2EB'
<   'db_password'         '5920E7460286D77D664AE7E5433018AEC52CA772'
< 
< 2 rows selected.Committed.
---
> There are no results.
> 0 row selected.Committed.
6249,6254c6238,6239
<   TABLE_NAME            password            
< ============================================
<   'db_password'         'AE7CFF994BC78723EA06A4A4D447A948863DA2EB'
<   'db_password'         '5920E7460286D77D664AE7E5433018AEC52CA772'
< 
< 2 rows selected.Committed.
---
> There are no results.
> 0 row selected.Committed.
6370,6434d6354
< === <Result of SELECT Command in Line 2> ===
< 
<   TABLE_NAME               count(*)
< ===================================
<   'dcl1'                          1
< 
< 1 row selected.Committed.
< 
< === <Result of SELECT Command in Line 2> ===
< 
<   TABLE_NAME                     id
< ===================================
<   'dcl1'                          1
< 
< 1 row selected.Committed.
< 
< === <Result of SELECT Command in Line 2> ===
< 
<   TABLE_NAME                     id
< ===================================
<   'dcl1'                          1
< 
< 1 row selected.Committed.
< 
< === <Result of SELECT Command in Line 2> ===
< 
<   TABLE_NAME               count(*)
< ===================================
<   'dcl2'                          0
< 
< 1 row selected.Committed.
< 
< === <Result of SELECT Command in Line 2> ===
< 
< There are no results.
< 0 row selected.Committed.
< 
< === <Result of SELECT Command in Line 2> ===
< 
< There are no results.
< 0 row selected.Committed.
< 
< === <Result of SELECT Command in Line 2> ===
< 
<   TABLE_NAME               count(*)
< ===================================
<   'dcl3'                          1
< 
< 1 row selected.Committed.
< 
< === <Result of SELECT Command in Line 2> ===
< 
<   TABLE_NAME                     id
< ===================================
<   'dcl3'                          1
< 
< 1 row selected.Committed.
< 
< === <Result of SELECT Command in Line 2> ===
< 
<   TABLE_NAME                     id
< ===================================
<   'dcl3'                          1
< 
< 1 row selected.Committed.
