3069,3085d3068
< === <Result of SELECT Command in Line 2> ===
< 
<   TABLE_NAME               count(*)
< ===================================
<   't2'                            0
< 
< 1 rows selected.Committed.
< 
< === <Result of SELECT Command in Line 2> ===
< 
< There are no results.
< 0 rows selected.Committed.
< 
< === <Result of SELECT Command in Line 2> ===
< 
< There are no results.
< 0 rows selected.Committed.
